Ult Parent Co,SOE
Parent Company,State-Owned Enterprise
---,---
3i Group PLC,No
3M Co,No
A2A SpA,Yes
AAR Corp,No
Republic of Lithuania,Yes
ABB Ltd,No
Abbott Laboratories,No
AbbVie Inc,No
Abercrombie & Fitch Co,No
Aberdeen Group PLC,No
Stichting Administratiekantoor,Yes
Emirate of Abu Dhabi United Ar,Yes
Abu Dhabi National Insurance C,Yes
Academy Sports & Outdoors Inc,No
Acadia Healthcare Co Inc,No
Acadian Asset Management Inc,No
Accent Group Ltd,No
Accenture PLC,No
ACCO Brands Corp,No
Accor SA,No
ACI Worldwide Inc,No
ACLEDA Bank PLC,Yes
ACS Actividades de Construccio,No
Acuity Inc,No
Fila Holdings Corp,No
Adani Ports & Special Economic,No
AdaptHealth Corp,No
Adecco Group AG,No
Adecoagro SA,No
Adeia Inc,No
adidas AG,No
Adient PLC,No
ADLER Group SA,No
Adobe Inc,No
French Republic,Yes
ADT Inc,No
Adtalem Global Education Inc,No
Advance Auto Parts Inc,No
Advanced Drainage Systems Inc,No
Advanced Info Service PCL,Yes
Advanced Micro Devices Inc,No
Karman Topco LP,No
Adyen NV,No
AECOM,No
Hipoteca 43 Lux Sarl,No
Aedifica SA,No
Aegon Ltd,No
Aeon Co Ltd,No
AerCap Holdings NV,No
AES Corp/The,No
Parent Company,State-Owned Enterprise (SOE)
---,---
Affiliated Managers Group Inc,No
Aflac Inc,No
AGC Inc,No
AGCO Corp,No
Ageas SA/NV,No
Agilent Technologies Inc,No
AGM Group Holdings Inc,No
Agree Realty Corp,No
People's Republic of China,Yes
Veolia Environnement SA,No
AIA Group Ltd,No
AIB Group PLC,No
Air Canada,No
Air France-KLM,No
Air Lease Corp,No
Air Liquide SA,No
Air Products and Chemicals Inc,No
Stonepeak Nile Holdings LLC,No
Airbus SE,No
Aisin Corp,No
Ajinomoto Co Inc,No
Akamai Technologies Inc,No
Aker BP ASA,No
Aktia Bank Oyj,No
Akzo Nobel NV,No
Al Ain Ahlia Insurance Co,No
Al Buhairah National Insurance,No
Al Khaleej Takaful Group QSC,No
Al Rajhi Bank,No
Al Wathba National Insurance C,No
Al-Ahleia Insurance Co SAKP,No
Alaska Air Group Inc,No
Albemarle Corp,No
Albertsons Cos Inc,No
Alcoa Corp,No
Alcon AG,No
Alexandria Real Estate Equitie,No
Alfa Laval AB,No
Alfa SAB de CV,No
Algonquin Power & Utilities Co,No
Alibaba Group Holding Ltd,No
Alicorp SAA,No
Alimentation Couche-Tard Inc,No
Alinma Bank,No
Alior Bank SA,No
Alkermes PLC,No
Allegiant Travel Co,No
Allegion plc,No
Sanken Electric Co Ltd,No
ALLETE Inc,No
Parent Company,State-Owned Enterprise (SOE)
---,---
Alliance Resource Partners LP,No
Alliant Energy Corp,No
Allianz SE,No
Allstate Corp/The,No
Ally Financial Inc,No
Almarai Co JSC,No
Almirall SA,No
Alpha Metallurgical Resources,No
Alpha Services and Holdings SA,No
Alphabet Inc,No
Brookfield Corp,No
Alta Equipment Group Inc,No
AltaGas Ltd,No
Altarea SCA,No
Altice USA Inc,No
Altisource Portfolio Solutions,No
Altria Group Inc,No
Altynalmas JSC,Yes
Aluminum Corp of China Ltd,Yes
Amadeus IT Group SA,No
Amazon.com Inc,No
Anheuser-Busch InBev SA/NV,No
Ambipar Participacoes e Empree,No
AMC Entertainment Holdings Inc,No
AMC Networks Inc,No
Amcor PLC,No
Amdocs Ltd,No
Amer Sports Holding Cayman Ltd,No
Ameren Corp,No
America Movil SAB de CV,No
American Airlines Group Inc,No
American Assets Trust Inc,No
American Axle & Manufacturing,No
American Crystal Sugar Co,No
American Electric Power Co Inc,No
American Express Co,No
American Financial Group Inc/O,No
American Homes 4 Rent,No
American International Group I,No
American Public Education Inc,No
American States Water Co,No
American Tower Corp,No
American Water Works Co Inc,No
American Woodmark Corp,No
Ameriprise Financial Inc,No
AMETEK Inc,No
AMG Critical Materials NV,No
Amgen Inc,No
Amkor Technology Inc,No
AMN Healthcare Services Inc,No
Parent Company,State-Owned Enterprise (SOE)
---,---
Amneal Pharmaceuticals Inc,No
AMP Ltd,No
Amphenol Corp,No
Amplifon SpA,No
ams-OSRAM AG,No
Anadolu Efes Biracilik Ve Malt,No
Analog Devices Inc,No
IAC Inc,No
Anglo American PLC,No
Anglogold Ashanti Plc,No
Anhui Conch Cement Co Ltd,Yes
ANI Pharmaceuticals Inc,No
Antero Resources Corp,No
E Abaroa Foundation,No
Aon PLC,No
Aozora Bank Ltd,No
AP Moller - Maersk A/S,No
APA Corp,No
Apartment Investment and Manag,No
API Group Corp,No
Apollo Commercial Real Estate,No
Apollo Global Management Inc,No
Apple Inc,No
Applied Materials Inc,No
AppLovin Corp,No
AptarGroup Inc,No
Aptiv PLC,No
Arab Bank PLC,No
Libya,Yes
Arab National Bank,Yes
Arabian Centres Co,No
Aramark,No
Arcadis NV,No
KOC Holding AS,No
ArcelorMittal SA,No
Arch Capital Group Ltd,No
Archer-Daniels-Midland Co,No
Archrock Inc,No
Arcosa Inc,No
EGI-AM Investments LLC,No
Ares Capital Corp,No
Ares Management Corp,No
ARGAN SA,No
Aris Mining Corp,No
Aris Water Solutions Inc,No
Aristocrat Leisure Ltd,No
Arkema SA,No
Arko Corp,No
Aroundtown SA,No
Array Technologies Inc,No
Parent Company,State-Owned Enterprise (SOE)
---,---
Arrow Electronics Inc,No
Arthur J Gallagher & Co,No
Asbury Automotive Group Inc,No
ASCE Group OJSC,Yes
ASGN Inc,No
Ashland Inc,No
Ashtead Group PLC,No
Asia Insurance Co Ltd,No
ASM International NV,No
Embracer Group AB,No
ASR Nederland NV,No
Assa Abloy AB,No
Associated Banc-Corp,No
Garfield Weston Foundation,No
Assurant Inc,No
Assured Guaranty Ltd,No
Aston Martin Lagonda Global Ho,No
Jardine Matheson Holdings Ltd,No
AstraZeneca PLC,No
ASX Ltd,No
AT&T Inc,No
Athabasca Oil Corp,No
ATI Inc,No
Advent International LP,No
AtkinsRealis Group Inc,No
Atkore Inc,No
Atlas Copco AB,No
Atlassian Corp,No
Atmos Energy Corp,No
Atos SE,No
ATS Corp,No
Attijariwafa Bank,No
Auckland International Airport,No
Aura Minerals Inc,No
AutoCanada Inc,No
Autodesk Inc,No
Automatic Data Processing Inc,No
AutoNation Inc,No
AutoStore Holdings Ltd,No
AutoZone Inc,No
AvalonBay Communities Inc,No
Avantor Inc,No
Avation PLC,No
Avery Dennison Corp,No
Avient Corp,No
Avis Budget Group Inc,No
Avista Corp,No
Aviva PLC,No
Avnet Inc,No
Avolta AG,No
Parent Company,State-Owned Enterprise (SOE)
---,---
AXA SA,No
Axactor ASA,No
Axalta Coating Systems Ltd,No
Axiata Group Bhd,No
Axis Bank Ltd,No
Axis Capital Holdings Ltd,No
Axon Enterprise Inc,No
Axtel SAB de CV,No
Aydem Holding AS,No
Societe Generale SA,No
EQT AB,No
Republic of Azerbaijan,Yes
Azul SA,No
AZZ Inc,No
B&G Foods Inc,No
B&M European Value Retail SA,No
B2 Impact ASA,No
Babcock International Group PL,No
BAE Systems PLC,No
BAIC Motor Corp Ltd,Yes
Bajaj Finserv Ltd,No
Baker Hughes Co,No
Baldwin Insurance Group Inc/Th,No
Ball Corp,No
Standard General LP,No
Baloise Holding AG,No
Banca Mediolanum SpA,No
Banca Popolare di Sondrio SPA,No
Bancolombia SA,No
Banco Bilbao Vizcaya Argentari,No
Banco BPM SpA,No
Banco Bradesco SA,No
BTG Pactual Group,No
Banco Comercial Portugues SA,No
Grupo Bolivar SA,No
Grupo Aval Acciones y Valores,No
LQ Inversiones Financieras SA,No
Credicorp Ltd,No
Empresas Juan Yarur SpA,No
Banco de Sabadell SA,No
Brianza Unione di Luigi Gavazz,No
Federative Republic of Brazil,Yes
Governo do Estado do Para,Yes
State of Rio Grande Do Sul Bra,Yes
Administradora de Fondos de Pe,No
Banco Itau Chile SA,No
Banco Latinoamericano de Comer,No
Banco Santander SA,No
Bangkok Bank PCL,No
Bank CenterCredit JSC,No
Parent Company,State-Owned Enterprise (SOE)
---,---
Socialist Republic of Vietnam,Yes
Bank Hapoalim BM,No
Bank Leumi Le-Israel BM,No
Republic of Indonesia,Yes
Bank of America Corp,No
Mitsubishi UFJ Financial Group,No
Bank of Chongqing Co Ltd,Yes
Bank of Communications Co Ltd,Yes
Bank of Cyprus Holdings PLC,No
Bank of East Asia Ltd/The,No
Bank of Ireland Group PLC,No
Bank of Montreal,No
Bank of NT Butterfield & Son L,No
Bank of New York Mellon Corp/T,No
Bank of Nova Scotia/The,No
Bank of Queensland Ltd,No
Bank of the Philippine Islands,No
Bank of Valletta PLC,No
Bank Polska Kasa Opieki SA,No
Bankinter SA,No
Bank Muscat SAOG,No
Banque Cantonale de Geneve,No
Canton of Vaud,Yes
Banques Populaires Regionales,No
Banque de Tunisie et des Emira,No
Banque Saudi Fransi,No
Barclays PLC,No
Barrick Gold Corp,No
Barry Callebaut AG,No
Canton of Basel-Landschaft,Yes
BASF SE,No
Kanton Basel-Stadt,Yes
Bath & Body Works Inc,No
Bausch Health Cos Inc,No
Baxter International Inc,No
Bayer AG,No
Bayerische Motoren Werke AG,No
Baytex Energy Corp,No
Banco BBVA Peru SA,No
BCE Inc,No
BE Semiconductor Industries NV,No
Beacon Roofing Supply Inc,No
Beazer Homes USA Inc,No
Becle SAB de CV,No
Becton Dickinson & Co,No
Befesa SA,No
Beijing Energy International H,Yes
Beijing New Building Materials,Yes
Republic of Belarus,Yes
Belden Inc,No
Parent Company,State-Owned Enterprise (SOE)
---,---
BellRing Brands Inc,No
Bendigo & Adelaide Bank Ltd,No
Berkshire Hathaway Inc,No
Berry Corp,No
Berry Global Group Inc,No
Best Buy Co Inc,No
Beyon BSC,No
BGC Group Inc,No
Bharti Airtel Ltd,No
BHI Holdings Inc,No
BHP Group Ltd,No
Bilfinger SE,No
Bio-Rad Laboratories Inc,No
Biogen Inc,No
BK LC Lux MidCo Sarl,No
BJ's Wholesale Club Holdings I,No
BKI Holdings PCL,No
BKS Bank AG,No
Black Hills Corp,No
Blackrock Inc,No
Blackstone Inc,No
Blackstone Mortgage Trust Inc,No
Blackstone Secured Lending Fun,No
Block Inc,No
Bloomin' Brands Inc,No
Blue Owl Capital Corp,No
Blue Owl Capital Inc,No
BlueLinx Holdings Inc,No
BlueScope Steel Ltd,No
BNP Paribas SA,No
Boeing Co/The,No
Boise Cascade Co,No
BOK Financial Corp,No
Bombardier Inc,No
Booking Holdings Inc,No
BorgWarner Inc,No
Borr Drilling Ltd,No
GDK Family Trust,No
Boston Scientific Corp,No
National Bank of Kuwait SAKP,Yes
Bouygues SA,No
Boyd Gaming Corp,No
BP PLC,No
BPER Banca SPA,No
Kingdom of Belgium,Yes
BRAC Bank PLC,No
Brambles Ltd,No
Brandywine Realty Trust,No
BRANICKS Group AG,No
Braskem SA,No
Parent Company,State-Owned Enterprise (SOE)
---,---
Brava Energia,No
BRB Banco de Brasilia SA,Yes
Bread Financial Holdings Inc,No
Brenntag SE,No
MMS Participacoes SA,No
Bridgestone Corp,No
Bright Horizons Family Solutio,No
Brighthouse Financial Inc,No
Brink's Co/The,No
Brinker International Inc,No
Bristol-Myers Squibb Co,No
Bristow Group Inc,No
British American Tobacco PLC,No
Brixmor Property Group Inc,No
Broadcom Inc,No
Broadridge Financial Solutions,No
Broadstone Net Lease Inc,No
Brookfield Infrastructure Part,No
Brookfield Renewable Partners,No
Brown & Brown Inc,No
Brown-Forman Corp,No
Brunswick Corp/DE,No
BT Group PLC,No
Builders FirstSource Inc,No
Bumble Inc,No
Bunge Global SA,No
Bunzl PLC,No
Burford Capital Ltd,No
Kuwait Projects Co Holding KSC,No
Burlington Stores Inc,No
Buzzi SpA,No
BWP Trust,No
BWX Technologies Inc,No
BXP Inc,No
CH Robinson Worldwide Inc,No
Credit Agricole Group,No
Cable One Inc,No
Cabot Corp,No
CACI International Inc,No
Cadence Bank,No
Cadence Design Systems Inc,No
CAE Inc,No
Caesars Entertainment Inc,No
CaixaBank SA,Yes
Caleres Inc,No
California Resources Corp,No
Calumet Inc,No
Camden Property Trust,No
Cameco Corp,No
Canadian Imperial Bank of Comm,No
Parent Company,State-Owned Enterprise (SOE)
---,---
Canacol Energy Ltd,No
Bain Capital LP,No
Canadian National Railway Co,No
Canadian Natural Resources Ltd,No
Canadian Pacific Kansas City L,No
Canadian Tire Corp Ltd,No
Canon Inc,No
CAP SA,No
Wild SA,No
Capgemini SE,No
Capital One Financial Corp,No
Capital Power Corp,No
CapitaLand Integrated Commerci,No
Capri Holdings Ltd,No
Capstone Copper Corp,No
Cardinal Health Inc,No
CareTrust REIT Inc,No
Fortis Inc/Canada,No
Carlisle Cos Inc,No
Carlyle Group Inc/The,No
Carmila SA,No
Carnival Corp,No
Carpenter Technology Corp,No
Carrefour SA,No
Carriage Services Inc,No
Carrier Global Corp,No
Cars.com Inc,No
Carter's Inc,No
Carvana Co,No
Cascades Inc,No
Casella Waste Systems Inc,No
Castellum AB,No
Caterpillar Inc,No
Cathay Financial Holding Co Lt,No
CBL & Associates Properties In,No
Cboe Global Markets Inc,No
CBRE Group Inc,No
CCC Intelligent Solutions Hold,No
CCL Industries Inc,No
CDW Corp/DE,No
CECONOMY AG,No
Celanese Corp,No
Celestica Inc,No
Cellnex Telecom SA,No
Celsius Holdings Inc,No
Cembra Money Bank AG,No
FGC SpA,Yes
Cemex SAB de CV,No
Cencora Inc,No
Cengage Learning Holdings II I,No
Parent Company,State-Owned Enterprise (SOE)
---,---
Cenovus Energy Inc,No
Centene Corp,No
CenterPoint Energy Inc,No
Centrais Eletricas Brasileiras,Yes
Central Garden & Pet Co,No
Central Japan Railway Co,No
Central Reinsurance Co Ltd,No
Centrica PLC,No
Century Aluminum Co,No
Century Casinos Inc,No
Century Communities Inc,No
CES Energy Solutions Corp,No
Erste Group Bank AG,No
Czech Republic,Yes
CF Industries Holdings Inc,No
CGI Inc,No
Challenger Ltd,No
ChampionX Corp,No
Chang Hwa Commercial Bank Ltd,No
Charles River Laboratories Int,No
Chart Industries Inc,No
Charter Communications Inc,No
Chefs' Warehouse Inc/The,No
Chemours Co/The,No
Cheniere Energy Inc,No
Chevron Corp,No
Chiba Bank Ltd/The,No
China Bohai Bank Co Ltd,Yes
China Everbright Bank Co Ltd,Yes
China Galaxy Securities Co Ltd,Yes
China Hongqiao Holdings Ltd,No
China International Capital Co,Yes
China Jinmao Holdings Group Lt,Yes
China Mengniu Dairy Co Ltd,Yes
China Merchants Bank Co Ltd,Yes
China Minsheng Banking Corp Lt,Yes
China Oil & Gas Group Ltd,Yes
China Overseas Grand Oceans Gr,Yes
China Vanke Co Ltd,Yes
China Water Affairs Group Ltd,Yes
China Zheshang Bank Co Ltd,Yes
Choice Hotels International In,No
Wittington Investments Ltd/Can,No
Chord Energy Corp,No
Chorus Ltd,No
Chubb Ltd,No
Chugoku Electric Power Co Inc/,Yes
Chunghwa Telecom Co Ltd,Yes
Church & Dwight Co Inc,No
Churchill Downs Inc,No
Parent Company,State-Owned Enterprise (SOE)
---,---
Inversiones y Rentas SA,No
Cia de Minas Buenaventura SAA,No
Iberdrola SA,No
Cia Energetica de Minas Gerais,Yes
State of Sao Paulo,Yes
Cia Siderurgica Nacional SA,No
Cie Financiere Richemont SA,No
Ciena Corp,No
Cikarang Listrindo Tbk PT,No
Cimpress PLC,No
Cincinnati Financial Corp,No
Cinemark Holdings Inc,No
Cineplex Inc,No
Cintas Corp,No
Cisco Systems Inc,No
CITIC Securities Co Ltd,Yes
Citigroup Inc,No
Citizens Financial Group Inc,No
Citycon Oyj,No
Civeo Corp,No
Civitas Resources Inc,No
CK Asset Holdings Ltd,No
CK Hutchison Holdings Ltd,No
Clariant AG,No
Claritev Corp,No
Claros Mortgage Trust Inc,No
Clean Harbors Inc,No
Clear Channel Outdoor Holdings,No
Clearwater Paper Corp,No
Clearway Energy Group LLC,No
Cleveland-Cliffs Inc,No
Clorox Co/The,No
CLP Holdings Ltd,No
CME Group Inc,No
CMS Energy Corp,No
Loews Corp,No
CNH Industrial NV,No
CNO Financial Group Inc,No
CNX Resources Corp,No
Co for Cooperative Insurance/T,Yes
Coca-Cola Co/The,No
Coca-Cola Consolidated Inc,No
Coca-Cola Femsa SAB de CV,No
Coca-Cola HBC AG,No
Coeur Mining Inc,No
Cofinimmo SA,No
Gestion Audem Inc,No
Cogent Communications Holdings,No
Coherent Corp,No
Coinbase Global Inc,No
Parent Company,State-Owned Enterprise (SOE)
---,---
Colbun SA,No
Coles Group Ltd,No
Colgate-Palmolive Co,No
Coloplast A/S,No
Columbia Banking System Inc,No
Columbus McKinnon Corp/NY,No
Comcast Corp,No
Comerica Inc,No
Commerce Bancshares Inc/MO,No
Commercial Bank PSQC/The,Yes
Commercial International Bank,No
Commercial Metals Co,No
Commercial Vehicle Group Inc,No
Commerzbank AG,Yes
Commonwealth Bank of Australia,No
CommScope Holding Co Inc,No
Community Health Systems Inc,No
Cie de Saint-Gobain SA,No
Compass Group PLC,No
Compass Minerals International,No
Computershare Ltd,No
Comstock Resources Inc,No
Conagra Brands Inc,No
Select Medical Holdings Corp,No
Concentrix Corp,No
Concrete Pumping Holdings Inc,No
Conduent Inc,No
ConocoPhillips,No
Consensus Cloud Solutions Inc,No
Consolidated Edison Inc,No
Constellation Brands Inc,No
Constellation Software Inc/Can,No
Constellium SE,No
Suntx Capital Management Corp,No
Contact Energy Ltd,No
Contemporary Amperex Technolog,No
Continental AG,No
ConvaTec Group PLC,No
Cooper-Standard Holdings Inc,No
COPT Defense Properties,No
Core Natural Resources Inc,No
Corebridge Financial Inc,No
CoreCivic Inc,No
Corning Inc,No
Energy & Minerals Group/The,No
Republic of Peru,Yes
Corp Inmobiliaria Vesta SAB de,No
Corpay Inc,No
Corteva Inc,No
Corus Entertainment Inc,No
Parent Company,State-Owned Enterprise (SOE)
---,---
Cosan SA,No
CoStar Group Inc,No
Costco Wholesale Corp,No
Coterra Energy Inc,No
Agnaten SE,No
Cousins Properties Inc,No
Covivio SA/France,No
CPI Card Group Inc,No
CPI Property Group SA,No
Crane NXT Co,No
Credit Acceptance Corp,No
Crescent Energy Co,No
CRH PLC,No
Crocs Inc,No
Crowdstrike Holdings Inc,No
Crown Castle Inc,No
Crown Holdings Inc,No
CSC Financial Co Ltd,Yes
CSG Systems International Inc,No
CSL Ltd,No
CSX Corp,No
CTBC Financial Holding Co Ltd,Yes
CubeSmart,No
Cullen/Frost Bankers Inc,No
Cummins Inc,No
Cumulus Media Inc,No
Cuscal Ltd,No
Cushman & Wakefield PLC,No
Platinum Equity LLC,No
Icahn Enterprises LP,No
CVR Partners LP,No
CVS Health Corp,No
Cyan Ltd,No
Cydsa SAB de CV,No
Cyfrowy Polsat SA,No
Daimler Truck Holding AG,No
Daiwa Securities Group Inc,No
DAMAC Properties Dubai Co PJSC,No
Dana Inc,No
Danaher Corp,No
Danaos Corp,No
Danone SA,No
Danske Bank A/S,No
Darden Restaurants Inc,No
Darling Ingredients Inc,No
Dassault Systemes SE,No
DaVita Inc,No
Dayforce Inc,No
DCC PLC,No
Deere & Co,No
Parent Company,State-Owned Enterprise (SOE)
---,---
Delek US Holdings Inc,No
Delivery Hero SE,No
Dell Technologies Inc,No
Delta Air Lines Inc,No
Delta Electronics Inc,No
Deluxe Corp,No
Denso Corp,No
DENTSPLY SIRONA Inc,No
CVC Capital Partners PLC,No
Derichebourg SA,No
Deutsche Bank AG,No
Deutsche Boerse AG,No
Deutsche Lufthansa AG,Yes
Deutsche Pfandbriefbank AG,Yes
Deutsche Telekom AG,Yes
Vonovia SE,No
Devon Energy Corp,No
Dexus,No
Diageo PLC,No
Diamondback Energy Inc,No
Dick's Sporting Goods Inc,No
Diebold Nixdorf Inc,No
RCS Management SA,No
Digital Realty Trust Inc,No
Dillard's Inc,No
Discover Financial Services,No
Diversified Healthcare Trust,No
DNB Bank ASA,Yes
Doha Insurance Co QSC,No
Dole PLC,No
Dollar General Corp,No
Dollar Tree Inc,No
Dollarama Inc,No
Dometic Group AB,No
Dominion Energy Inc,No
Doosan Bobcat Inc,No
Douglas Dynamics Inc,No
doValue SpA,No
Dover Corp,No
DR Horton Inc,No
DraftKings Inc,No
Dream Finders Homes Inc,No
Driven Brands Holdings Inc,No
DSM-Firmenich AG,No
DSV A/S,No
DT Midstream Inc,No
DTE Energy Co,No
Duke Energy Corp,No
Dun & Bradstreet Holdings Inc,No
DuPont de Nemours Inc,No
Parent Company,State-Owned Enterprise (SOE)
---,---
Dutch-Bangla Bank PLC,No
DXC Technology Co,No
DXP Enterprises Inc/TX,No
Dycom Industries Inc,No
Dyno Nobel Ltd,No
E-L Financial Corp Ltd,No
E.ON SE,No
E.Sun Financial Holding Co Ltd,No
Eagle Materials Inc,No
East Japan Railway Co,Yes
East Money Information Co Ltd,No
East West Bancorp Inc,No
Eastman Chemical Co,No
Eastman Kodak Co,No
easyJet PLC,No
Eaton Corp PLC,No
eBay Inc,No
EchoStar Corp,No
Ecobank Transnational Inc,No
Ecolab Inc,No
Republic of Colombia,Yes
Edenred SE,No
Edgewell Personal Care Co,No
Edison International,No
EDP SA,Yes
eDreams ODIGEO SA,No
Edwards Lifesciences Corp,No
El Puerto de Liverpool SAB de,No
Elanco Animal Health Inc,No
Elastic NV,No
Eldorado Gold Corp,No
Electric Power Development Co,Yes
Electrolux AB,No
Electronic Arts Inc,No
Elekta AB,No
Element Fleet Management Corp,No
Element Solutions Inc,No
Elevance Health Inc,No
Eli Lilly & Co,No
Elia Group SA/NV,No
Elior Group SA,No
Elis SA,No
Elisa Oyj,No
Elme Communities,No
Emaar Properties PJSC,No
Embecta Corp,No
Embotelladora Andina SA,No
Embraer SA,No
EMCOR Group Inc,No
Emera Inc,No
Parent Company,State-Owned Enterprise (SOE)
---,---
Emergent BioSolutions Inc,No
Emerson Electric Co,No
Emirates Insurance Co PJSC,Yes
United Arab Emirates,Yes
Empresa de Energia del Cono Su,Yes
Almendral SA,No
Empresas CMPC SA,No
Inversiones Angelini y Cia Ltd,No
Genworth Financial Inc,No
Enagas SA,Yes
Enbridge Inc,No
EnBW Energie Baden-Wuerttember,Yes
Encompass Health Corp,No
Endeavour Mining PLC,No
Enel SpA,Yes
Endo Inc,No
Enerflex Ltd,No
Energean PLC,No
Energisa S/A,No
Energizer Holdings Inc,No
Energy Transfer LP,No
EnerSys,No
Engie SA,Yes
Eni SpA,Yes
ENN Energy Holdings Ltd,No
ENN Natural Gas Co Ltd,No
Enova International Inc,No
Enpro Inc,No
EnQuest PLC,No
Enstar Group Ltd,No
Entain PLC,No
Entegris Inc,No
Entergy Corp,No
Enterprise Products Partners L,No
Enviri Corp,No
EOG Resources Inc,No
Epiroc AB,No
EPR Properties,No
EQT Corp,No
Equifax Inc,No
Equinix Inc,No
Kingdom of Norway,Yes
Equitable Holdings Inc,No
Equity Residential,No
Telefonaktiebolaget LM Ericsso,No
ERO Copper Corp,No
Esab Corp,No
Essent Group Ltd,No
Essential Properties Realty Tr,No
Essential Utilities Inc,No
Parent Company,State-Owned Enterprise (SOE)
---,---
Essex Property Trust Inc,No
EssilorLuxottica SA,No
Essity AB,No
Estee Lauder Cos Inc/The,No
Eurobank Ergasias Services and,No
Euronet Worldwide Inc,No
Euronext NV,No
Eutelsat Communications SACA,No
EverCommerce Inc,No
Everest Group Ltd,No
Evergy Inc,No
Everi Holdings Inc,No
Eversource Energy,No
EVERTEC Inc,No
Evoke PLC,No
RAG-Stiftung,Yes
EW Scripps Co/The,No
Exelon Corp,No
Giovanni Agnelli BV,No
Expand Energy Corp,No
Expedia Group Inc,No
Extra Space Storage Inc,No
Exxon Mobil Corp,No
EZCORP Inc,No
Fair Isaac Corp,No
Fairfax Financial Holdings Ltd,No
Falabella SA,No
Far East Horizon Ltd,No
Far EasTone Telecommunications,No
Fast Retailing Co Ltd,No
Fastighets AB Balder,No
FCMB Group Plc,No
Federal Realty Investment Trus,No
FedEx Corp,No
Fevamotinico Sarl,No
Ferrovial SE,No
Fidelis Insurance Holdings Ltd,No
Fidelity Bank PLC,No
Fidelity National Financial In,No
Fidelity National Information,No
Fifth Third Bancorp,No
FinecoBank Banca Fineco SpA,No
Republic of Finland,Yes
Finning International Inc,No
First Abu Dhabi Bank PJSC,Yes
First American Financial Corp,No
First BanCorp/Puerto Rico,No
First Citizens BancShares Inc/,No
First Commonwealth Financial C,No
First Financial Holding Co Ltd,No
Parent Company,State-Owned Enterprise (SOE)
---,---
First HoldCo Plc,No
First Industrial Realty Trust,No
First Insurance Co Ltd/The,No
First Pacific Co Ltd,No
First Quantum Minerals Ltd,No
FirstCash Holdings Inc,No
FirstEnergy Corp,No
Firstgroup PLC,No
FirstRand Ltd,No
Fiserv Inc,No
Five Point Holdings LLC,No
Flex Ltd,No
Floor & Decor Holdings Inc,No
Flowers Foods Inc,No
Flowserve Corp,No
Flughafen Zurich AG,Yes
Fluidra SA,No
Fluor Corp,No
Flutter Entertainment PLC,No
FMC Corp,No
Fnac Darty SA,No
FNB Corp/PA,No
Fomento Economico Mexicano SAB,No
Inmobiliaria Colonial Socimi S,No
Fonterra Co-operative Group Lt,Yes
Foot Locker Inc,No
Ford Motor Co,No
Ford Otomotiv Sanayi AS,No
Formosa Chemicals & Fibre Corp,No
Formosa Petrochemical Corp,No
Formosa Plastics Corp,No
Forestal Constructora y Comerc,No
Fortescue Ltd,No
Fortinet Inc,No
Fortive Corp,No
Fortrea Holdings Inc,No
Fortune Brands Innovations Inc,No
Forvia SE,No
Forward Air Corp,No
Fossil Group Inc,No
Fosun International Holdings L,No
Fox Corp,No
Hon Hai Precision Industry Co,No
Franklin Resources Inc,No
Freedom Holding Corp/NV,No
Freeport-McMoRan Inc,No
Fresenius Medical Care AG,No
Fresenius SE & Co KGaA,No
Industrias Penoles SAB de CV,No
Frontdoor Inc,No
Parent Company,State-Owned Enterprise (SOE)
---,---
Frontera Energy Corp,No
Frontier Real Estate Investmen,No
FTAI Aviation Ltd,No
FTAI Infrastructure Inc,No
FTI Consulting Inc,No
Fubon Financial Holding Co Ltd,No
Fufeng Group Ltd,No
FUJIFILM Holdings Corp,No
Full House Resorts Inc,No
Futu Holdings Ltd,No
GGCP Inc,No
Gaming and Leisure Properties,No
Gap Inc/The,No
Garrett Motion Inc,No
Gartner Inc,No
Gates Industrial Corp PLC,No
GATX Corp,No
Promotora de Proyectos Proval,No
GE HealthCare Technologies Inc,No
GE Vernova Inc,No
Geberit AG,No
Gecina SA,No
Geely Automobile Holdings Ltd,No
Wasser und Gas Westfalen GmbH,Yes
Gen Digital Inc,No
General Dynamics Corp,No
General Electric Co,No
General Mills Inc,No
General Motors Co,No
Genesis Energy LP,No
Sovereign in right of New Zeal,Yes
Genpact Ltd,No
Genting Bhd,No
Genting Malaysia Bhd,No
Genuine Parts Co,No
GEO Group Inc/The,No
Geopark Ltd,No
Gerdau SA,No
Acek Desarrollo y Gestion Indu,No
Getlink SE,No
Getty Images Holdings Inc,No
GF Securities Co Ltd,No
GFH FINANCIAL GROUP BSC,No
GFL Environmental Inc,No
Gibson Energy Inc,No
Gilead Sciences Inc,No
Givaudan SA,No
Gjensidigestiftelsen,Yes
Kanton Glarus,Yes
Glencore PLC,No
Parent Company,State-Owned Enterprise (SOE)
---,---
Glenmark Pharmaceuticals Ltd,No
Silver Lake Technology Managem,No
Global Business Travel Group I,No
Global Net Lease Inc,No
Global Partners LP/MA,No
Global Payments Inc,No
Global Ship Lease Inc,No
Tevat Ltd,No
Globe Life Inc,No
GMS Inc,No
goeasy Ltd,No
Gogo Inc,No
Gold Fields Ltd,No
Golden Entertainment Inc,No
Goldman Sachs Group Inc/The,No
Golomt Bank,Yes
Golub Capital BDC Inc,No
Goodman Group,No
Goodman Property Trust,No
Goodyear Tire & Rubber Co/The,No
Goosehead Insurance Inc,No
M&V Investments AD,No
GPT Group/The,No
Grab Holdings Ltd,No
GrafTech International Ltd,No
Graham Holdings Co,No
Grainger PLC,No
Gran Tierra Energy Inc,No
Canton of Graubuenden,Yes
Gray Media Inc,No
Great Lakes Dredge & Dock Corp,No
Power Corp of Canada,No
Greenbrier Cos Inc/The,No
WEF GP Corp,No
Greentown China Holdings Ltd,No
GRENKE AG,No
Griffon Corp,No
Grifols SA,No
Group 1 Automotive Inc,No
Gruma SAB de CV,No
Grupo Bimbo SAB de CV,No
Grupo de Inversiones Surameric,No
Grupo Elektra SAB DE CV,No
KUO SAB De CV,No
Grupo Mexico SAB de CV,No
Grupo Posadas SAB de CV,No
Grupo Televisa SAB,No
GSK PLC,No
Guaranty Trust Holding Co PLC,No
Gulf Insurance & Reinsurance,No
Parent Company,State-Owned Enterprise (SOE)
---,---
Gulf Insurance Group,No
Gulfport Energy Corp,No
Gunma Bank Ltd/The,No
Guosen Securities Co Ltd,Yes
Guotai Haitong Securities Co L,Yes
GXO Logistics Inc,No
Lundbeck Foundation/The,No
H&E Equipment Services Inc,No
H&R Block Inc,No
HB Fuller Co,No
HA Sustainable Infrastructure,No
Hachijuni Bank Ltd/The,No
Haidilao International Holding,No
Haleon PLC,No
Halliburton Co,No
Holding Group Almex JSC,Yes
HamkorBank ATB,Yes
Hancock Whitney Corp,No
Hanesbrands Inc,No
HSBC Holdings PLC,No
HDI Haftpflichtverband der Deu,No
Hanover Insurance Group Inc/Th,No
Hanwha Life Insurance Co Ltd,No
Hapag-Lloyd AG,No
Harbour Energy PLC,No
Harley-Davidson Inc,No
Hartford Insurance Group Inc/T,No
Hasbro Inc,No
Hawaiian Electric Industries I,No
Hayward Holdings Inc,No
HBG Ltd/Jersey,No
HCA Healthcare Inc,No
HCL Technologies Ltd,No
HDFC Bank Ltd,No
Flying Co Ltd,No
Healthcare Realty Trust Inc,No
HealthEquity Inc,No
Healthpeak Properties Inc,No
Hecla Mining Co,No
Heidelberg Materials AG,No
L'Arche Green NV,No
Helios Towers PLC,No
Helix Energy Solutions Group I,No
HelloFresh SE,No
Helmerich & Payne Inc,No
Henkel AG & Co KGaA,No
H & M Hennes & Mauritz AB,No
Hera SpA,No
Herbalife Ltd,No
Herc Holdings Inc,No
Parent Company,State-Owned Enterprise (SOE)
---,---
Hershey Co/The,No
Hertz Global Holdings Inc,No
Hess Corp,No
Hewlett Packard Enterprise Co,No
Hexcel Corp,No
HF Sinclair Corp,No
High Liner Foods Inc,No
Highwoods Properties Inc,No
Hikma Pharmaceuticals PLC,No
Hillenbrand Inc,No
Hillman Solutions Corp,No
Hilton Grand Vacations Inc,No
Hilton Worldwide Holdings Inc,No
Hiscox Ltd,No
Hitachi Ltd,No
HK Electric Investments & HK E,Yes
Holcim AG,No
Holley Inc,No
Holmen AB,No
Hologic Inc,No
Home Depot Inc/The,No
Honda Motor Co Ltd,No
Honeywell International Inc,No
Hong Kong & China Gas Co Ltd,Yes
Horace Mann Educators Corp,No
Hormel Foods Corp,No
Hornbach Holding AG & Co KGaA,No
Host Hotels & Resorts Inc,No
Hotai Motor Co Ltd,No
Hovnanian Enterprises Inc,No
Howard Hughes Holdings Inc,No
Howmet Aerospace Inc,No
HP Inc,No
Huaneng Power International In,Yes
Huatai Securities Co Ltd,Yes
Huaxia Bank Co Ltd,Yes
Hubbell Inc,No
Hudbay Minerals Inc,No
Hudson Pacific Properties Inc,No
HUGO BOSS AG,No
Huhtamaki Oyj,No
Humana Inc,No
JB Hunt Transport Services Inc,No
Huntington Bancshares Inc/OH,No
Huntington Ingalls Industries,No
Huntsman Corp,No
Husqvarna AB,No
Hutchison Port Holdings Trust,Yes
Hyatt Hotels Corp,No
Hydro One Ltd,Yes
Parent Company,State-Owned Enterprise (SOE)
---,---
Hypera SA,No
Hyster-Yale Inc,No
Hyundai Glovis Co Ltd,No
Hyundai Marine & Fire Insuranc,No
Hyundai Mobis Co Ltd,No
Hyundai Motor Co,No
Hyundai Steel Co,No
iA Financial Corp Inc,No
IAMGOLD Corp,No
ICADE,No
ICON PLC,No
ICU Medical Inc,No
IDACORP Inc,No
IDEX Corp,No
iHeartMedia Inc,No
IHS Holding Ltd,No
IIFL Finance Ltd,No
Illinois Tool Works Inc,No
Illumina Inc,No
Groupe Bruxelles Lambert NV,No
Immobiliare Grande Distribuzio,No
Imperial Brands PLC,No
Impulsora del Desarrollo y el,No
Independence Realty Trust Inc,No
Republic of India,Yes
Republic of Korea,Yes
State of Qatar,Yes
Industrivarden AB,No
Indutrade AB,No
Infineon Technologies AG,No
Informa PLC,No
Informatica Inc,No
Infosys Ltd,No
Infrastrutture Wireless Italia,No
ING Groep NV,No
Ingersoll Rand Inc,No
Ingles Markets Inc,No
Ingredion Inc,No
Inner Mongolia Yili Industrial,Yes
INNOVATE Corp,No
Inpex Corp,No
Insight Enterprises Inc,No
Installed Building Products In,No
Insulet Corp,No
Insurance Australia Group Ltd,No
Integer Holdings Corp,No
Intel Corp,No
Intercorp Peru Ltd,No
Intercontinental Exchange Inc,No
InterContinental Hotels Group,No
Parent Company,State-Owned Enterprise (SOE)
---,---
Interface Inc,No
Intermediate Capital Group PLC,No
International Distribution Ser,No
B&D Holding Spa,No
International Paper Co,No
International Petroleum Corp,No
Interpublic Group of Cos Inc/T,No
Intesa Sanpaolo SpA,No
International Business Machine,No
International Consolidated Air,No
International Flavors & Fragra,No
Intuit Inc,No
Investimentos e Participacoes,No
Invesco Ltd,No
Investor AB,No
Invitation Homes Inc,No
Iochpe Maxion SA,No
OTP Bank Nyrt,No
Ipsen SA,No
IQVIA Holdings Inc,No
Iren SpA,No
Iridium Communications Inc,No
Iron Mountain Inc,No
Islamic Arab Insurance Co,No
Islandsbanki HF,No
Israel Discount Bank Ltd,No
ISS A/S,No
Delek Group Ltd,No
ITOCHU Corp,No
ITT Inc,No
ITV PLC,No
Ivanhoe Mines Ltd,No
Jabil Inc,No
Jackson Financial Inc,No
Jalles Machado SA,No
Janus Henderson Group PLC,No
Japan Post Holdings Co Ltd,Yes
Japan Post Insurance Co Ltd,Yes
Japan Real Estate Investment C,No
Japan Securities Finance Co Lt,No
Japan Tobacco Inc,Yes
Fusion Investment Holdings Ltd,No
Jazz Pharmaceuticals PLC,No
JBS S/A,No
JBT Marel Corp,No
JCDecaux Holding SAS,No
JD.com Inc,No
Jefferies Financial Group Inc,No
JetBlue Airways Corp,No
Parent Company,State-Owned Enterprise (SOE)
---,---
J M Smucker Co/The,No
Johnson & Johnson,No
Johnson Controls International,No
Johnson Electric Holdings Ltd,No
Jones Lang LaSalle Inc,No
JPMorgan Chase & Co,No
JSP Holding SA,No
Jubilant Pharmova Ltd,No
Juniper Networks Inc,No
Jyske Bank A/S,No
K+S AG,No
Kaiser Aluminum Corp,No
Kapitalbank ATB,Yes
Karman Holdings Inc,No
Karoon Energy Ltd,No
Kasikornbank PCL,No
Kawasan Industri Jababeka Tbk,No
Republic of Kazakhstan,Yes
KB Financial Group Inc,No
KB Home,No
KBC Group NV,No
KBR Inc,No
KCC Corp,No
Kemper Corp,No
Kennametal Inc,No
Kennedy-Wilson Holdings Inc,No
Kenvue Inc,No
Kering SA,No
Kernel Holding SA,No
Kerry Group PLC,No
Keurig Dr Pepper Inc,No
KeyCorp,No
Keyera Corp,No
Keysight Technologies Inc,No
KGI Financial Holding Co Ltd,No
Kia Corp,No
Kier Group PLC,No
Kilroy Realty Corp,No
Kimberly-Clark Corp,No
Kimberly-Clark de Mexico SAB d,No
Kimco Realty Corp,No
Kinder Morgan Inc,No
KinderCare Learning Cos Inc,No
Kingfisher PLC,No
Kingspan Group PLC,No
Kinross Gold Corp,No
KION Group AG,No
Kirby Corp,No
Kite Realty Group Trust,No
Kiwi Property Group Ltd,No
Parent Company,State-Owned Enterprise (SOE)
---,---
KKR & Co Inc,No
KKR Real Estate Finance Trust,No
KLA Corp,No
Klabin SA,No
Klepierre SA,No
Knife River Corp,No
Stella Vermoegensverwaltungs G,No
Kohl's Corp,No
Komatsu Ltd,No
Koninklijke Ahold Delhaize NV,No
Koninklijke KPN NV,No
Koninklijke Philips NV,No
Kontoor Brands Inc,No
Koppers Holdings Inc,No
Korean Reinsurance Co,No
Korn Ferry,No
Kosmos Energy Ltd,No
Kotak Mahindra Bank Ltd,No
Kraft Heinz Co/The,No
Kratos Defense & Security Solu,No
Kroger Co/The,No
Contran Corp,No
Kingdom of Thailand,Yes
KT Corp,No
KT&G Corp,No
Kubota Corp,No
Kyndryl Holdings Inc,No
L'Oreal SA,No
L3Harris Technologies Inc,No
Labcorp Holdings Inc,No
Lam Research Corp,No
Lamar Advertising Co,No
Lamb Weston Holdings Inc,No
Lancashire Holdings Ltd,No
Landsea Homes Corp,No
Larsen & Toubro Ltd,No
Las Vegas Sands Corp,No
Latam Airlines Group SA,No
Latham Group Inc,No
Lattice Semiconductor Corp,No
Laurentian Bank of Canada,No
LCI Industries,No
Lear Corp,No
Lee Enterprises Inc,No
Legal & General Group PLC,No
Leggett & Platt Inc,No
Legrand SA,No
Leidos Holdings Inc,No
LendingTree Inc,No
Lennar Corp,No
Parent Company,State-Owned Enterprise (SOE)
---,---
Lennox International Inc,No
Lenovo Group Ltd,No
Leonardo SpA,Yes
Levi Strauss & Co,No
LG Chem Ltd,No
LG Electronics Inc,No
LGI Homes Inc,No
Liberty Global Ltd,No
Lifetime Brands Inc,No
Light & Wonder Inc,No
Lincoln National Corp,No
Lindblad Expeditions Holdings,No
Linde PLC,No
Link REIT,No
Lions Gate Entertainment Corp,No
Lithia Motors Inc,No
Live Nation Entertainment Inc,No
LKQ Corp,No
Lloyds Banking Group PLC,No
Localiza Rent a Car SA,No
Lockheed Martin Corp,No
Delton Vermoegensverwaltung AG,No
London Stock Exchange Group PL,No
Longfor Group Holdings Ltd,No
Lonza Group AG,No
Loomis AB,No
Lottery Corp Ltd/The,Yes
Gamma Management LLC,No
Louisiana-Pacific Corp,No
Lowe's Cos Inc,No
LSB Industries Inc,No
Lucky Strike Entertainment Cor,No
Lumen Technologies Inc,No
Lumentum Holdings Inc,No
L E Lundbergforetagen AB,No
Kanton Luzern,Yes
LVMH Moet Hennessy Louis Vuitt,No
LXP Industrial Trust,No
LyondellBasell Industries NV,No
M&T Bank Corp,No
M&G PLC,No
M/I Homes Inc,No
Macquarie Group Ltd,No
Macy's Inc,No
Magna International Inc,No
Magnera Corp,No
Magnite Inc,No
Peregrine EP II LLC,No
Main Street Capital Corp,No
Malayan Banking Bhd,No
Parent Company,State-Owned Enterprise (SOE)
---,---
Manappuram Finance Ltd,No
Mandatum Oyj,No
Manila Electric Co,No
Manitowoc Co Inc/The,No
ManpowerGroup Inc,No
Manulife Financial Corp,No
Fundacion Mapfre Fundacion Cul,No
Marathon Petroleum Corp,No
Amphitryon Ltd,No
Markel Group Inc,No
Marriott International Inc/MD,No
Marriott Vacations Worldwide C,No
Marsh & McLennan Cos Inc,No
Martin Marietta Materials Inc,No
Martin Midstream Partners LP,No
Marubeni Corp,No
Marvell Technology Inc,No
Masco Corp,No
Mashreqbank PSC,No
MasTec Inc,No
Masterbrand Inc,No
Mastercard Inc,No
Matador Resources Co,No
Match Group Inc,No
Mativ Holdings Inc,No
Mattel Inc,No
Matthews International Corp,No
Mattr Corp,No
Maximus Inc,No
MaxLinear Inc,No
McCormick & Co Inc/MD,No
McDonald's Corp,No
McKesson Corp,No
MDU Resources Group Inc,No
Medco Daya Abadi Lestari PT,Yes
Medical Properties Trust Inc,No
Mediobanca Banca di Credito Fi,No
Medtronic PLC,No
MEG Energy Corp,No
Meituan,No
MercadoLibre Inc,No
Mercedes-Benz Group AG,No
Mercer International Inc,No
Mercialys SA,No
Merck & Co Inc,No
E Merck KG,No
Thoma Bravo LLC,No
Meritage Homes Corp,No
Merlin Properties Socimi SA,No
Meta Platforms Inc,No
Parent Company,State-Owned Enterprise (SOE)
---,---
Metallurgical Corp of China Lt,Yes
Methanex Corp,No
Metlen Energy & Metals SA,No
MetLife Inc,No
Metrics Credit Partners Pty Lt,No
METRO AG,No
Metro Inc/CN,No
Metsa Board Oyj,No
Metso Oyj,No
MGE Energy Inc,No
MGM Resorts International,No
WTI Trading Ltd,No
Cie Generale des Etablissement,No
Micron Technology Inc,No
Microsoft Corp,No
Mid-America Apartment Communit,No
Middlesex Water Co,No
Midea Group Co Ltd,No
MillerKnoll Inc,No
Forestal O Higgins SA,No
Minerals Technologies Inc,No
Minerva SA/Brazil,No
Breca Mineria SAC,No
Mirae Asset Securities Co Ltd,No
Watling Street Capital Partner,No
Federation of Malaysia,Yes
Mitsubishi Corp,No
Mitsubishi Electric Corp,No
Mitsubishi Estate Co Ltd,No
Mitsubishi HC Capital Inc,No
Mitsubishi Heavy Industries Lt,No
Mitsubishi Motors Corp,No
Mitsui & Co Ltd,No
Mitsui Fudosan Co Ltd,No
Mizrahi Tefahot Bank Ltd,No
Mizuho Financial Group Inc,No
MKS Instruments Inc,No
ModivCare Inc,No
Mohawk Industries Inc,No
MOL Hungarian Oil & Gas PLC,No
Molibdenos y Metales SA,No
Molina Healthcare Inc,No
Molson Coors Beverage Co,No
Mondelez International Inc,No
Mondi PLC,No
Moody's Corp,No
Moog Inc,No
Morgan Stanley,No
Mosaic Co/The,No
Motorola Solutions Inc,No
Parent Company,State-Owned Enterprise (SOE)
---,---
Mr Cooper Group Inc,No
MRS Logistica SA,Yes
MSCI Inc,No
MTN Group Ltd,No
Govt of the Hong Kong Special,Yes
Muangthai Capital PCL,No
Mueller Water Products Inc,No
Muenchener Rueckversicherungs-,No
Murphy Oil Corp,No
Murphy USA Inc,No
Muthoot Finance Ltd,No
N-able Inc/US,No
Nabors Industries Ltd,No
NagaCorp Ltd,No
Nan Ya Plastics Corp,No
Nasdaq Inc,No
National Australia Bank Ltd,No
National Bank of Canada,No
National Bank of Fujairah PJSC,Yes
National Bank of Greece SA,Yes
National Fuel Gas Co,No
National Grid PLC,No
Nationwide Building Society,No
National Health Investors Inc,No
Natura & Co Holding SA,No
Naturgy Energy Group SA,No
NatWest Group PLC,No
NAVER Corp,No
Navient Corp,No
Navios Maritime Partners LP,No
Portland Holdings Inc,No
NCR Atleos Corp,No
NCR Voyix Corp,No
NEC Corp,No
Neinor Homes SA,No
Nemak SAB de CV,No
Neogen Corp,No
NEPI Rockcastle NV,No
Nestle SA,No
NetApp Inc,No
Netflix Inc,No
New Fortress Energy Inc,No
New Gold Inc,No
Newell Brands Inc,No
Newmark Group Inc,No
NewMarket Corp,No
Newmont Corp,No
News Corp,No
Votorantim SA,No
Nexans SA,No
Parent Company,State-Owned Enterprise (SOE)
---,---
Nexi SpA,No
Nexstar Media Group Inc,No
Next PLC,No
NextEra Energy Inc,No
NGL Energy Partners LP,No
National Agricultural Cooperat,Yes
NIKE Inc,No
Nine Energy Service Inc,No
Nippon Accommodations Fund Inc,No
Nippon Building Fund Inc,No
Nippon Steel Corp,No
Nippon Telegraph & Telephone C,Yes
NiSource Inc,No
Nissan Motor Co Ltd,No
NMI Holdings Inc,No
NN Group NV,No
NNN REIT Inc,No
Noble Corp PLC,No
Nokia Oyj,No
Nomad Foods Ltd,No
Nomura Holdings Inc,No
Nomura Research Institute Ltd,No
Nordea Bank Abp,No
Nordson Corp,No
Nordstrom Inc,No
Norfolk Southern Corp,No
Norsk Hydro ASA,No
Northern Oil & Gas Inc,No
Northern Star Resources Ltd,No
Northern Trust Corp,No
Northland Power Inc,No
Northrop Grumman Corp,No
Northwest Natural Holding Co,No
Northwestern Energy Group Inc,No
NOS SGPS SA,No
NOV Inc,No
Nova Ljubljanska Banka dd,Yes
Novartis AG,No
Novo Nordisk Fonden,No
NRG Energy Inc,No
NU Holdings Ltd/Cayman Islands,No
Nucor Corp,No
Nufarm Ltd,No
JP Finance Group LLP,No
Nutrien Ltd,No
NuVista Energy Ltd,No
nVent Electric PLC,No
NVIDIA Corp,No
NVR Inc,No
NXP Semiconductors NV,No
Parent Company,State-Owned Enterprise (SOE)
---,---
O'Reilly Automotive Inc,No
O-I Glass Inc,No
Oberbank AG,No
Obsidian Energy Ltd,No
Occidental Petroleum Corp,No
Oceaneering International Inc,No
OCI NV,No
Odfjell Drilling Ltd,No
Office Properties Income Trust,No
OFG Bancorp,No
OGE Energy Corp,No
Oi SA,Yes
Okinawa Electric Power Co Inc,No
Old Republic International Cor,No
Olin Corp,No
Olympus Corp,No
Oma Saastopankki Oyj,No
Omega Healthcare Investors Inc,No
Omnicom Group Inc,No
ON Semiconductor Corp,No
ONE Gas Inc,No
OneMain Holdings Inc,No
ONEOK Inc,No
Onity Group Inc,No
Ontex Group NV,No
OPAP SA,No
Open Text Corp,No
OPENLANE Inc,No
Operadora De Sites Mexicanos S,No
Burelle SA,No
Option Care Health Inc,No
Oracle Corp,No
Orange SA,Yes
Orbia Advance Corp SAB de CV,No
Organon & Co,No
Orica Ltd,No
Orient Finans XATB,No
Tokio Marine Holdings Inc,No
Orient Securities Co Ltd/China,Yes
Orion SA,No
ORIX Corp,No
Kingdom of Denmark,Yes
Osaka Gas Co Ltd,No
Oshkosh Corp,No
Otis Worldwide Corp,No
Otter Tail Corp,No
OUE Real Estate Investment Tru,No
Outbrain Inc,No
Outfront Media Inc,No
Oversea-Chinese Banking Corp L,Yes
Parent Company,State-Owned Enterprise (SOE)
---,---
OVH Groupe SAS,No
Ovintiv Inc,No
Owens & Minor Inc,No
Owens Corning,No
PG&E Corp,No
PACCAR Inc,No
Packaging Corp of America,No
Pakuwon Arthaniaga PT,No
Pampa Energia SA,No
Pan American Silver Corp,No
Panasonic Holdings Corp,No
Pandora A/S,No
Papa John's International Inc,No
National Amusements Inc,No
Park Hotels & Resorts Inc,No
Parker-Hannifin Corp,No
Parkland Corp,No
Patrick Industries Inc,No
Patterson-UTI Energy Inc,No
Paychex Inc,No
PayPal Holdings Inc,No
Paysafe Ltd,No
Pebblebrook Hotel Trust,No
Pediatrix Medical Group Inc,No
Esas Holding AS,No
Pembina Pipeline Corp,No
Penn Entertainment Inc,No
PennyMac Financial Services In,No
Penske Automotive Group Inc,No
Pentair PLC,No
Steinhoff International Holdin,No
PepsiCo Inc,No
Perenti Ltd,No
Perimeter Solutions Inc,No
Permian Resources Corp,No
Pernod Ricard SA,No
Perrigo Co PLC,No
Pershing Square Capital Manage,No
Petco Health & Wellness Co Inc,No
Petra Diamonds Ltd,No
Petroleo Brasileiro SA,Yes
Petrol DD Ljubljana,Yes
Pfizer Inc,No
Philadelphia Insurance,No
Philip Morris International In,No
Phillips 66,No
Phillips Edison & Co Inc,No
Phinia Inc,No
Omniaholding SpA,No
Piedmont Office Realty Trust I,No
Parent Company,State-Owned Enterprise (SOE)
---,---
Ping An Insurance Group Co of,No
Pinnacle West Capital Corp,No
Piraeus Financial Holdings SA,No
Pirelli & C SpA,No
Pitney Bowes Inc,No
Plains All American Pipeline L,No
Playa Hotels & Resorts NV,No
Playtech Plc,No
Giant Investment Co Ltd,No
PLDT Inc,No
Pluxee NV,No
PNC Financial Services Group I,No
Polaris Inc,No
Polaris Renewable Energy Inc,No
Poly Developments and Holdings,No
Popular Inc,No
Bay of Plenty Regional Council,Yes
Portland General Electric Co,No
POSCO Holdings Inc,No
Post Holdings Inc,No
Republic of Italy,Yes
PostNL NV,No
PotlatchDeltic Corp,No
Power Assets Holdings Ltd,No
Powszechny Zaklad Ubezpieczen,No
Pozavarovalnica Sava dd,No
PPG Industries Inc,No
PPL Corp,No
PRA Group Inc,No
Precision Drilling Corp,No
Premier Foods PLC,No
Prestige Consumer Healthcare I,No
Primerica Inc,No
Primo Brands Corp,No
Principal Financial Group Inc,No
PRIO SA/Brazil,No
Priority Technology Holdings I,No
Procter & Gamble Co/The,No
ProFrac Holding Corp,No
PROG Holdings Inc,No
Progressive Corp/The,No
Prologis Inc,No
Promotora de Informaciones SA,No
Gubel SL,No
Prospect Capital Corp,No
Prosus NV,No
Prudential Financial Inc,No
Prudential PLC,No
Prysmian SpA,No
PTC Inc,No
Parent Company,State-Owned Enterprise (SOE)
---,---
PTT Global Chemical PCL,Yes
Public Bank Bhd,No
Public Power Corp SA,Yes
Public Service Enterprise Group,No
Public Storage,No
Publicis Groupe SA,No
PulteGroup Inc,No
PVH Corp,No
Qatar General Insurance & Reinsurance,Yes
Qatar Insurance Co SAQ,Yes
QBE Insurance Group Ltd,No
Qorvo Inc,No
Quad/Graphics Inc,No
QUALCOMM Inc,No
Quanta Services Inc,No
Qube Holdings Ltd,No
Quest Diagnostics Inc,No
QVC Group Inc,No
Radian Group Inc,No
RadNet Inc,No
Raiffeisen Bank International,No
Raizen SA,No
Rakuten Group Inc,No
Ralph Lauren Corp,No
Ramsay Health Care Ltd,No
Range Resources Corp,No
Ranpak Holdings Corp,No
Ratch Group PCL,Yes
Raymond James Financial Inc,No
Rayonier Advanced Materials Inc,No
Rayonier Inc,No
RB Global Inc,No
RBC Bearings Inc,No
Realty Income Corp,No
Reckitt Benckiser Group PLC,No
Recruit Holdings Co Ltd,No
Rede D'Or Sao Luiz SA,No
Redeia Corp SA,No
REN - Redes Energeticas Nacionais,Yes
Regal Rexnord Corp,No
Regency Centers Corp,No
Regeneron Pharmaceuticals Inc,No
Regions Financial Corp,No
Reinsurance Group of America Inc,No
Reliance Inc,No
Reliance Industries Ltd,No
RELX PLC,No
RenaissanceRe Holdings Ltd,No
Renault SA,No
Renesas Electronics Corp,No
Parent Company,State-Owned Enterprise (SOE)
---,---
Triton GP HoldCo Sarl,No
Rentokil Initial PLC,No
Repsol SA,No
Republic Financial Holdings Lt,No
Republic Services Inc,No
Resideo Technologies Inc,No
Restaurant Brands Internationa,No
Revvity Inc,No
Rexel SA,No
Rexford Industrial Realty Inc,No
Packaging Holdings Ltd,No
Ricoh Co Ltd,No
Ricoh Leasing Co Ltd,No
RingCentral Inc,No
Rio Tinto Ltd,No
Rio Tinto PLC,No
Rithm Capital Corp,No
Riyad Bank,Yes
RLI Corp,No
RLJ Lodging Trust,No
ROBLOX Corp,No
Roche Holding AG,No
Rockwell Automation Inc,No
Rogers Communications Inc,No
Rollins Inc,No
Roper Technologies Inc,No
Ross Stores Inc,No
Royal Bank of Canada,No
Royal Caribbean Cruises Ltd,No
Royalty Pharma PLC,No
RPM International Inc,No
RTX Corp,No
Rumo SA,No
Russel Metals Inc,No
RXO Inc,No
Ryan Specialty Holdings Inc,No
Ryanair Holdings PLC,No
Ryder System Inc,No
Ryman Hospitality Properties I,No
Shenzhen Mingde Holdings Devel,No
Kingdom of Saudi Arabia,Yes
S4 Capital PLC,No
Saab AB,No
Sabra Health Care REIT Inc,No
Sabre Corp,No
Safehold Inc,No
Safran SA,No
Sage Group PLC/The,No
Sagicor Financial Co Ltd,No
J Sainsbury PLC,No
Parent Company,State-Owned Enterprise (SOE)
---,---
Saipem SpA,Yes
Salesforce Inc,No
Sally Beauty Holdings Inc,No
Samhallsbyggnadsbolaget i Nord,No
Sammaan Capital Ltd,No
Sampo Oyj,No
Samsonite Group SA,No
Samsung C&T Corp,No
Samsung Electronics Co Ltd,No
Samsung Fire & Marine Insuranc,No
Sandisk Corp/DE,No
Sandoz Group AG,No
Sandvik AB,No
Sanmina Corp,No
Sanofi SA,No
Santos Ltd,No
LJN Participacoes S/A,No
SAP SE,No
Sappi Ltd,No
Sarthak Global Ltd,No
Sartorius AG,No
Sasol Ltd,No
Saturn Oil & Gas Inc,No
Saudi Investment Bank/The,Yes
Saudi Reinsurance Co,Yes
Savers Value Village Inc,No
SBA Communications Corp,No
Scentre Group,No
INA-Holding Schaeffler GmbH &,No
Schlumberger NV,No
Schneider Electric SE,No
Charles Schwab Corp/The,No
Science Applications Internati,No
SCOR SE,No
Scotts Miracle-Gro Co/The,No
SCR-Sibelco NV,No
Seadrill Ltd,No
Seagate Technology Holdings PL,No
Sealed Air Corp,No
Infinity Fortune Development L,No
Groupe Seche SAS,No
Secure Waste Infrastructure Co,No
Securitas AB,No
Sekisui House Ltd,No
Selective Insurance Group Inc,No
Sempra,No
SEPLAT Energy PLC,No
Service Corp International/US,No
Service Properties Trust,No
ServiceNow Inc,No
Parent Company,State-Owned Enterprise (SOE)
---,---
Seven & i Holdings Co Ltd,No
Seven Bank Ltd,No
Severn Trent PLC,No
Shanghai Construction Group Co,Yes
Shanghai Electric Group Co Ltd,Yes
Shanghai International Port Gr,Yes
Shanghai Pudong Development Ba,Yes
Shanghai Rural Commercial Bank,Yes
Sharjah Islamic Bank,Yes
Sharp Corp/Japan,No
Shell PLC,No
Shenwan Hongyuan Group Co Ltd,Yes
Shenzhen International Holding,Yes
Sherwin-Williams Co/The,No
Shikoku Electric Power Co Inc,No
Shinhan Financial Group Co Ltd,No
Shinkin Central Bank,Yes
Shinkong Insurance Co Ltd,No
Shizuoka Gas Co Ltd,No
Shriram Finance Ltd,No
Shurgard Self Storage Ltd,No
Sibanye Stillwater Ltd,No
Siemens AG,No
Siemens Energy AG,No
SIG Group AG,No
SIG PLC,No
Signet Jewelers Ltd,No
Signify NV,No
Sika AG,No
Silgan Holdings Inc,No
Simon Property Group Inc,No
Simply Good Foods Co/The,No
Sinclair Inc,No
Singapore Post Ltd,Yes
Republic of Singapore,Yes
Sinoasia B&R Insurance JSC,Yes
SinoPac Financial Holdings Co,No
SiriusPoint Ltd,No
SiteOne Landscape Supply Inc,No
Sitio Royalties Corp,No
Six Flags Entertainment Corp,No
Erich Sixt Vermoegensverwaltun,No
Sixth Street Specialty Lending,No
SJW Group,No
SK Hynix Inc,No
SK Inc,No
SK Telecom Co Ltd,No
Skandinaviska Enskilda Banken,No
Skillsoft Corp,No
Skillz Inc,No
Parent Company,State-Owned Enterprise (SOE)
---,---
SKYCITY Entertainment Group Lt,No
Skyworks Solutions Inc,No
SL Green Realty Corp,No
SLM Corp,No
SM Energy Co,No
Smith & Nephew PLC,No
WH Group Ltd,No
Smiths Group PLC,No
Smurfit WestRock PLC,No
Snam SpA,Yes
Snap Inc,No
Snap-on Inc,No
Sociedad Quimica y Minera de C,No
Sodexo SA,No
SoftBank Corp,No
SoftBank Group Corp,No
Sojitz Corp,No
Solvay SA,No
Solventum Corp,No
Somnigroup International Inc,No
Sonic Automotive Inc,No
Sonoco Products Co,No
Sony Group Corp,No
South Bow Corp,No
South32 Ltd,No
Southern Co/The,No
Southwest Airlines Co,No
Southwest Gas Holdings Inc,No
Spark New Zealand Ltd,No
Spectrum Brands Holdings Inc,No
SPIE SA,No
Spire Inc,No
Sportradar Group AG,No
SS&C Technologies Holdings Inc,No
SSAB AB,No
SSE PLC,No
Stagwell Inc,No
Standard Bank Group Ltd,No
Standard Chartered PLC,No
Stanley Black & Decker Inc,No
Starbucks Corp,No
Starwood Property Trust Inc,No
State Street Corp,No
Steel Dynamics Inc,No
Steelcase Inc,No
Stellantis NV,No
STERIS PLC,No
Stifel Financial Corp,No
STMicroelectronics NV,No
Stockland,No
Parent Company,State-Owned Enterprise (SOE)
---,---
Stoneweg European Real Estate,No
StoneX Group Inc,No
Storebrand ASA,No
Storskogen Group AB,No
Strabag SE,No
Strathcona Resources Ltd,No
Stryker Corp,No
Suburban Propane Partners LP,No
Sueddeutsche Zuckerruebenverwe,No
Sumitomo Corp,No
Sumitomo Electric Industries L,No
Sumitomo Mitsui Financial Grou,No
Summit Midstream Corp,No
Sun Communities Inc,No
Sun Hung Kai Properties Ltd,No
Sun Life Financial Inc,No
Suncorp Group Ltd,No
Superior Industries Internatio,No
Superior Plus Corp,No
Surge Energy Inc,No
Surgery Partners Inc,No
Suzano SA,No
Svenska Cellulosa AB SCA,No
Svenska Handelsbanken AB,No
Swedbank AB,No
John Swire & Sons Ltd,No
Swiss Life Holding AG,No
Swiss Re AG,No
Swiss Confederation,Yes
Syensqo SA,No
Synaptics Inc,No
Synchrony Financial,No
Synlab AG,No
Synopsys Inc,No
Synovus Financial Corp,No
Synthomer PLC,No
Sysco Corp,No
System1 Inc,No
TAG Immobilien AG,No
Taishin Financial Holding Co L,No
Taiwan Business Bank,Yes
Taiwan Cooperative Financial H,Yes
Taiwan Fire & Marine Insurance,No
Taiwan Semiconductor Manufactu,No
Take-Two Interactive Software,No
Takeda Pharmaceutical Co Ltd,No
Talos Energy Inc,No
Tamarack Valley Energy Ltd,No
Tanger Inc,No
Tapestry Inc,No
Parent Company,State-Owned Enterprise (SOE)
---,---
Targa Resources Corp,No
Target Corp,No
TDR Capital LLP,No
Taseko Mines Ltd,No
Tata Motors Ltd,No
Tata Power Co Ltd/The,No
Tata Steel Ltd,No
Tate & Lyle PLC,No
TAV Havalimanlari Holding AS,No
Taylor Morrison Home Corp,No
TC Energy Corp,No
TCC Group Holdings Co Ltd,No
TD SYNNEX Corp,No
TDK Corp,No
TE Connectivity PLC,No
Technip Energies NV,No
TechnipFMC PLC,No
Teck Resources Ltd,No
TEGNA Inc,No
Tele2 AB,No
Telecom Argentina SA,Yes
Telecom Italia SpA/Milano,Yes
Teledyne Technologies Inc,No
Teleflex Inc,No
Telefonica SA,No
Telekom Malaysia Bhd,Yes
Teleperformance SE,No
Telephone and Data Systems Inc,No
Telia Co AB,No
Telkom SA SOC Ltd,Yes
Telstra Group Ltd,No
TELUS Corp,No
Temiryo'l-Sug'urta AO,Yes
Tenable Holdings Inc,No
Tencent Holdings Ltd,No
Tenet Healthcare Corp,No
Terex Corp,No
Terna - Rete Elettrica Naziona,Yes
Tesco PLC,No
Tesla Inc,No
Teva Pharmaceutical Industries,No
Texas Capital Bancshares Inc,No
Texas Instruments Inc,No
Textron Inc,No
TGS ASA,No
Thai Oil PCL,Yes
Thales SA,No
The Campbell's Company,No
Cigna Group/The,No
Saudi National Bank/The,Yes
Parent Company,State-Owned Enterprise (SOE)
---,---
Shanghai Commercial & Savings,Yes
Thermo Fisher Scientific Inc,No
THG PLC,No
Woodbridge Co Ltd/The,No
Thor Industries Inc,No
Thryv Holdings Inc,No
Canton of Thurgau,Yes
thyssenkrupp AG,No
Tikehau Capital Advisors SAS,No
Timken Co/The,No
Tingyi Cayman Islands Holding,No
Titan Cement International SA,No
Titan International Inc,No
TJX Cos Inc/The,No
TMBThanachart Bank PCL,No
Tokyo Century Corp,No
Nuclear Damage Compensation an,Yes
Tokyo Gas Co Ltd,No
Toll Brothers Inc,No
TopBuild Corp,No
Topgolf Callaway Brands Corp,No
Toro Co/The,No
Toronto-Dominion Bank/The,No
TotalEnergies SE,No
Townsquare Media Inc,No
Toyota Industries Corp,No
Toyota Motor Corp,No
Toyota Tsusho Corp,No
Tractor Supply Co,No
Ulaanbaatar City Bank,Yes
Traeger Inc,No
Trane Technologies PLC,No
TransAlta Corp,No
Transcontinental Inc,No
Transocean Ltd,No
Cia de Inversiones de Energia,Yes
TransUnion,No
Volkswagen AG,No
Travel + Leisure Co,No
Travelers Cos Inc/The,No
TreeHouse Foods Inc,No
Tri Pointe Homes Inc,No
TriMas Corp,No
Trimble Inc,No
TriNet Group Inc,No
Trinity Industries Inc,No
Trinseo PLC,No
Liberty TripAdvisor Holdings I,No
Triumph Group Inc,No
Tronox Holdings PLC,No
Parent Company,State-Owned Enterprise (SOE)
---,---
Truist Financial Corp,No
Trustmark Corp,No
TTM Technologies Inc,No
TUI AG,No
Tullow Oil PLC,No
Tupy SA,No
Turk Hava Yollari AO,Yes
Republic of Turkiye/The,Yes
Turkcell Iletisim Hizmetleri A,No
Turning Point Brands Inc,No
Turonbank ATB,Yes
Tutor Perini Corp,No
Twilio Inc,No
TXNM Energy Inc,No
Tyson Foods Inc,No
Uber Technologies Inc,No
UBS Group AG,No
UDR Inc,No
UL Solutions Inc,No
Ulker Biskuvi Sanayi AS,No
Ultra Clean Holdings Inc,No
Ultrapar Participacoes SA,No
UMB Financial Corp,No
Unacem Corp SAA,No
Under Armour Inc,No
Unibail-Rodamco-Westfield,No
UniCredit SpA,No
Unilever PLC,No
Union Bank Of Taiwan,No
Union Insurance Co PSC,No
Union Insurance Co Ltd,No
Union Pacific Corp,No
Federal Republic of Germany,Yes
UNIQA Insurance Group AG,No
Unisys Corp,No
UNITE Group PLC/The,No
United Airlines Holdings Inc,No
United Bank for Africa PLC,No
United Natural Foods Inc,No
United Overseas Bank Ltd,No
United Parcel Service Inc,No
United Parks & Resorts Inc,No
United Rentals Inc,No
United States Steel Corp,No
UnitedHealth Group Inc,No
Uniti Group Inc,No
Unitil Corp,No
Universal Corp/VA,No
Okada Holdings Ltd/HK,No
Universal Health Services Inc,No
Parent Company,State-Owned Enterprise (SOE)
---,---
Universal Music Group NV,No
Unum Group,No
Upbound Group Inc,No
Upland Software Inc,No
UPM-Kymmene Oyj,No
Urban One Inc,No
US Bancorp,No
Usinas Siderurgicas de Minas G,No
Utz Brands Inc,No
Republic of Uzbekistan,Yes
Vail Resorts Inc,No
Valaris Ltd,No
Vale Indonesia Tbk PT,No
Vale SA,No
Valeo SE,No
Valero Energy Corp,No
Valley National Bancorp,No
Vallourec SACA,No
Valmont Industries Inc,No
Valvoline Inc,No
Vamos Locacao de Caminhoes Maq,No
Van Lanschot Kempen NV,No
Vanguard International Semicon,No
Vantage Drilling International,No
Varex Imaging Corp,No
VAT Group AG,No
Entrust,No
Venator Materials PLC,No
Ventas Inc,No
VEON Ltd,No
Veralto Corp,No
Republic of Austria,Yes
Verint Systems Inc,No
VeriSign Inc,No
Verisk Analytics Inc,No
Verizon Communications Inc,No
Vermilion Energy Inc,No
Verra Mobility Corp,No
Vestis Corp,No
VF Corp,No
Viasat Inc,No
Viatris Inc,No
Viavi Solutions Inc,No
VICI Properties Inc,No
Vicinity Ltd,No
Victoria PLC,No
Victoria's Secret & Co,No
Crestview Partners LP/NY,No
Victory Oilfield Tech Inc,No
Wiener Staedtische Wechselseit,No
Parent Company,State-Owned Enterprise (SOE)
---,---
Vietnam Export Import Commerci,Yes
Vietnam Technological & Commer,Yes
Vinci SA,No
Vinte Viviendas Integrales SAB,No
Vipshop Holdings Ltd,No
Viridien,No
Virtus Investment Partners Inc,No
Visa Inc,No
Vishay Intertechnology Inc,No
Visteon Corp,No
Vistra Corp,No
Vital Energy Inc,No
Vodafone Group PLC,No
Volvo AB,No
Zhejiang Geely Holding Group C,No
Vontier Corp,No
Vornado Realty Trust,No
Voya Financial Inc,No
VP Bank AG,No
Vulcan Materials Co,No
W&T Offshore Inc,No
Wabash National Corp,No
Westinghouse Air Brake Technol,No
Walgreens Boots Alliance Inc,No
Walker & Dunlop Inc,No
Walmart Inc,No
Walt Disney Co/The,No
Wan Hai Lines Ltd,No
Wanhua Chemical Group Co Ltd,No
Warba Insurance & Reinsurance,No
Warner Bros Discovery Inc,No
AI Entertainment Holdings LLC,No
Warrior Met Coal Inc,No
Waste Connections Inc,No
Waste Management Inc,No
Wataniya Insurance Co,No
Weatherford International PLC,No
Webster Financial Corp,No
Webuild SpA,No
WEC Energy Group Inc,No
Weibo Corp,No
Weir Group PLC/The,No
Wells Fargo & Co,No
Welltower Inc,No
Wendel SE,No
Wendy's Co/The,No
WESCO International Inc,No
Wesfarmers Ltd,No
West Fraser Timber Co Ltd,No
Western Digital Corp,No
Parent Company,State-Owned Enterprise (SOE)
---,---
Western Union Co/The,No
TTWF LP,No
Westpac Banking Corp,No
WEX Inc,No
Weyerhaeuser Co,No
Whirlpool Corp,No
Williams Cos Inc/The,No
Willis Towers Watson PLC,No
WillScot Holdings Corp,No
Winnebago Industries Inc,No
Wipro Ltd,No
Wise PLC,No
Wolters Kluwer NV,No
Wolverine World Wide Inc,No
Woodside Energy Group Ltd,No
Woolworths Group Ltd,No
Workday Inc,No
Workspace Group PLC,No
World Acceptance Corp,No
Worldline SA/France,No
Worley Ltd,No
Worthington Enterprises Inc,No
WP Carey Inc,No
WPP PLC,No
W R Berkley Corp,No
Wuestenrot Stiftung Gemeinscha,No
WW Grainger Inc,No
WW International Inc,No
Wyndham Hotels & Resorts Inc,No
Wynn Resorts Ltd,No
Xcel Energy Inc,No
Xenia Hotels & Resorts Inc,No
Xerox Holdings Corp,No
Xiaomi Corp,No
XPO Inc,No
Xylem Inc/NY,No
Province of Shandong China,Yes
Yara International ASA,No
York Water Co/The,No
Argentine Republic/The,Yes
Yuexiu Real Estate Investment,No
Yum! Brands Inc,No
Zavarovalnica Triglav DD,No
Zebra Technologies Corp,No
Zenith Bank PLC,No
Zhaojin Mining Industry Co Ltd,No
Province of Zhejiang China,Yes
Zhongsheng Group Holdings Ltd,No
Zhongtai Securities Co Ltd,No
Ziff Davis Inc,No
Parent Company,State-Owned Enterprise (SOE)
---,---
Zijin Mining Group Co Ltd,Yes
Zimmer Biomet Holdings Inc,No
Zions Bancorp NA,No
ZipRecruiter Inc,No
Zoetis Inc,No
ZoomInfo Technologies Inc,No
Canton of Zug/Switzerland,Yes
Zurn Elkay Water Solutions Cor,No
